{"cameraMode":{"drawMode":0,"name":"Shaded","section":"Shading Mode"},"sceneLighting":true,"audioPlay":false,"sceneViewState":{"showFog":true,"showMaterialUpdate":false,"showSkybox":true,"showFlares":true,"showImageEffects":true,"showParticleSystems":true},"in2DMode":false,"pivot":{"x":6.58341646194458,"y":2.0743913650512697,"z":-0.76817786693573},"rotation":{"x":0.15043792128562928,"y":-0.6393898129463196,"z":0.1294807344675064,"w":0.7428470849990845},"size":11.923455238342286,"orthographic":false}