{"cameraMode":{"drawMode":0,"name":"Shaded","section":"Shading Mode"},"sceneLighting":true,"audioPlay":false,"sceneViewState":{"showFog":true,"showMaterialUpdate":false,"showSkybox":true,"showFlares":true,"showImageEffects":true,"showParticleSystems":true},"in2DMode":false,"pivot":{"x":8.279411315917969,"y":2.2206993103027345,"z":-0.2424912452697754},"rotation":{"x":-0.06922485679388046,"y":0.4301773011684418,"z":-0.03310723230242729,"w":-0.8994818925857544},"size":7.4647698402404789,"orthographic":false}