{"cameraMode":{"drawMode":0,"name":"Shaded","section":"Shading Mode"},"sceneLighting":true,"audioPlay":false,"sceneViewState":{"showFog":true,"showMaterialUpdate":false,"showSkybox":true,"showFlares":true,"showImageEffects":true,"showParticleSystems":true},"in2DMode":false,"pivot":{"x":9.614113807678223,"y":2.0715808868408205,"z":-0.5568827986717224},"rotation":{"x":-0.05191076919436455,"y":0.8608162999153137,"z":-0.08968355506658554,"w":-0.49825620651245119},"size":5.113392353057861,"orthographic":false}