{"cameraMode":{"drawMode":0,"name":"Shaded","section":"Shading Mode"},"sceneLighting":true,"audioPlay":false,"sceneViewState":{"showFog":true,"showMaterialUpdate":false,"showSkybox":true,"showFlares":true,"showImageEffects":true,"showParticleSystems":true},"in2DMode":false,"pivot":{"x":78.41400146484375,"y":2.369410514831543,"z":0.7649999856948853},"rotation":{"x":0.10802917182445526,"y":-0.5100771188735962,"z":0.06481309980154038,"w":0.8509243130683899},"size":2.057640314102173,"orthographic":false}