{"cameraMode":{"drawMode":0,"name":"Shaded","section":"Shading Mode"},"sceneLighting":true,"audioPlay":false,"sceneViewState":{"showFog":true,"showMaterialUpdate":false,"showSkybox":true,"showFlares":true,"showImageEffects":true,"showParticleSystems":true},"in2DMode":false,"pivot":{"x":-10.854090690612793,"y":-16.754941940307618,"z":-7.753485202789307},"rotation":{"x":-0.11361400783061981,"y":0.7017784118652344,"z":-0.11491628736257553,"w":-0.6938248872756958},"size":164.8386688232422,"orthographic":false}