{"cameraMode":{"drawMode":0,"name":"Shaded","section":"Shading Mode"},"sceneLighting":true,"audioPlay":false,"sceneViewState":{"showFog":true,"showMaterialUpdate":false,"showSkybox":true,"showFlares":true,"showImageEffects":true,"showParticleSystems":true},"in2DMode":false,"pivot":{"x":-2.507314443588257,"y":-4.442814350128174,"z":5.797643661499023},"rotation":{"x":-0.06708058714866638,"y":0.6910340785980225,"z":-0.06466671079397202,"w":-0.7168023586273193},"size":129.05299377441407,"orthographic":false}