{"cameraMode":{"drawMode":0,"name":"Shaded","section":"Shading Mode"},"sceneLighting":false,"audioPlay":false,"sceneViewState":{"showFog":true,"showMaterialUpdate":false,"showSkybox":false,"showFlares":true,"showImageEffects":true,"showParticleSystems":true},"in2DMode":false,"pivot":{"x":8.449198722839356,"y":3.2069289684295656,"z":0.0},"rotation":{"x":0.36110687255859377,"y":-0.30951473116874697,"z":0.12845420837402345,"w":0.8703126907348633},"size":34.99540328979492,"orthographic":false}